anno,n_spettacoli_previsti
2022,125186.7323529413
2023,123269.49852941185
2024,121352.26470588241
2025,119435.03088235296
