anno,persone_previste
2022,32551889.21617651
2023,32986693.36176467
2024,33421497.50735295
2025,33856301.65294111
